url,Date,Column 1,Actual (1),Historical Average,Record
https://www.wunderground.com/history/daily/us/ny/new-york-city/KLGA/date/2019-05-15,2019-05-15,Precipitation; 0.02,0.02,0.11,0.89
https://www.wunderground.com/history/daily/us/ny/new-york-city/KLGA/date/2019-05-15,2019-05-15,Month to Date,3.67,1.69,-
https://www.wunderground.com/history/daily/us/ny/new-york-city/KLGA/date/2019-05-15,2019-05-15,Year to Date,19,15.59,-
https://www.wunderground.com/history/daily/us/ny/new-york-city/KLGA/date/2019-05-16,2019-05-16,Precipitation; 0.09,0.09,0.12,2.57
https://www.wunderground.com/history/daily/us/ny/new-york-city/KLGA/date/2019-05-16,2019-05-16,Month to Date,3.76,1.81,-
https://www.wunderground.com/history/daily/us/ny/new-york-city/KLGA/date/2019-05-16,2019-05-16,Year to Date,19.09,15.71,-
https://www.wunderground.com/history/daily/us/ny/new-york-city/KLGA/date/2019-05-17,2019-05-17,Precipitation; 0.03,0.03,0.12,1.03
https://www.wunderground.com/history/daily/us/ny/new-york-city/KLGA/date/2019-05-17,2019-05-17,Month to Date,3.79,1.93,-
https://www.wunderground.com/history/daily/us/ny/new-york-city/KLGA/date/2019-05-17,2019-05-17,Year to Date,19.12,15.83,-
https://www.wunderground.com/history/daily/us/ny/new-york-city/KLGA/date/2019-05-18,2019-05-18,Precipitation; 0,0,0.12,1.44
https://www.wunderground.com/history/daily/us/ny/new-york-city/KLGA/date/2019-05-18,2019-05-18,Month to Date,3.79,2.05,-
https://www.wunderground.com/history/daily/us/ny/new-york-city/KLGA/date/2019-05-18,2019-05-18,Year to Date,19.12,15.95,-
https://www.wunderground.com/history/daily/us/ny/new-york-city/KLGA/date/2019-05-19,2019-05-19,Precipitation; 0.03,0.03,0.12,2
https://www.wunderground.com/history/daily/us/ny/new-york-city/KLGA/date/2019-05-19,2019-05-19,Month to Date,3.82,2.17,-
https://www.wunderground.com/history/daily/us/ny/new-york-city/KLGA/date/2019-05-19,2019-05-19,Year to Date,19.15,16.07,-
https://www.wunderground.com/history/daily/us/ny/new-york-city/KLGA/date/2019-05-20,2019-05-20,Precipitation; 0,0,0.12,1.79
https://www.wunderground.com/history/daily/us/ny/new-york-city/KLGA/date/2019-05-20,2019-05-20,Month to Date,3.82,2.29,-
https://www.wunderground.com/history/daily/us/ny/new-york-city/KLGA/date/2019-05-20,2019-05-20,Year to Date,19.15,16.19,-
https://www.wunderground.com/history/daily/us/ny/new-york-city/KLGA/date/2019-05-21,2019-05-21,Precipitation; 0,0,0.14,1.6
https://www.wunderground.com/history/daily/us/ny/new-york-city/KLGA/date/2019-05-21,2019-05-21,Month to Date,3.82,2.43,-
https://www.wunderground.com/history/daily/us/ny/new-york-city/KLGA/date/2019-05-21,2019-05-21,Year to Date,19.15,16.33,-
https://www.wunderground.com/history/daily/us/ny/new-york-city/KLGA/date/2019-05-22,2019-05-22,Precipitation; 0,0,0.13,0.95
https://www.wunderground.com/history/daily/us/ny/new-york-city/KLGA/date/2019-05-22,2019-05-22,Month to Date,3.82,2.56,-
https://www.wunderground.com/history/daily/us/ny/new-york-city/KLGA/date/2019-05-22,2019-05-22,Year to Date,19.15,16.46,-
https://www.wunderground.com/history/daily/us/ny/new-york-city/KLGA/date/2019-05-23,2019-05-23,Precipitation; 0.48,0.48,0.14,1.72
https://www.wunderground.com/history/daily/us/ny/new-york-city/KLGA/date/2019-05-23,2019-05-23,Month to Date,4.3,2.7,-
https://www.wunderground.com/history/daily/us/ny/new-york-city/KLGA/date/2019-05-23,2019-05-23,Year to Date,19.63,16.6,-
https://www.wunderground.com/history/daily/us/ny/new-york-city/KLGA/date/2019-05-24,2019-05-24,Precipitation; 0,0,0.14,1.82
https://www.wunderground.com/history/daily/us/ny/new-york-city/KLGA/date/2019-05-24,2019-05-24,Month to Date,4.3,2.84,-
https://www.wunderground.com/history/daily/us/ny/new-york-city/KLGA/date/2019-05-24,2019-05-24,Year to Date,19.63,16.74,-
https://www.wunderground.com/history/daily/us/ny/new-york-city/KLGA/date/2019-05-25,2019-05-25,Precipitation; 0,0,0.13,1.64
https://www.wunderground.com/history/daily/us/ny/new-york-city/KLGA/date/2019-05-25,2019-05-25,Month to Date,4.3,2.97,-
https://www.wunderground.com/history/daily/us/ny/new-york-city/KLGA/date/2019-05-25,2019-05-25,Year to Date,19.63,16.87,-
https://www.wunderground.com/history/daily/us/ny/new-york-city/KLGA/date/2019-05-26,2019-05-26,Precipitation; 0.25,0.25,0.14,1.59
https://www.wunderground.com/history/daily/us/ny/new-york-city/KLGA/date/2019-05-26,2019-05-26,Month to Date,4.55,3.11,-
https://www.wunderground.com/history/daily/us/ny/new-york-city/KLGA/date/2019-05-26,2019-05-26,Year to Date,19.88,17.01,-
https://www.wunderground.com/history/daily/us/ny/new-york-city/KLGA/date/2019-05-27,2019-05-27,Precipitation; 0,0,0.13,1.84
https://www.wunderground.com/history/daily/us/ny/new-york-city/KLGA/date/2019-05-27,2019-05-27,Month to Date,4.55,3.24,-
https://www.wunderground.com/history/daily/us/ny/new-york-city/KLGA/date/2019-05-27,2019-05-27,Year to Date,19.88,17.14,-
https://www.wunderground.com/history/daily/us/ny/new-york-city/KLGA/date/2019-05-28,2019-05-28,Precipitation; 0.19,0.19,0.13,1.41
https://www.wunderground.com/history/daily/us/ny/new-york-city/KLGA/date/2019-05-28,2019-05-28,Month to Date,4.74,3.37,-
https://www.wunderground.com/history/daily/us/ny/new-york-city/KLGA/date/2019-05-28,2019-05-28,Year to Date,20.07,17.27,-
https://www.wunderground.com/history/daily/us/ny/new-york-city/KLGA/date/2019-05-30,2019-05-30,Precipitation; 0.8,0.8,0.14,2.19
https://www.wunderground.com/history/daily/us/ny/new-york-city/KLGA/date/2019-05-30,2019-05-30,Month to Date,6.37,3.65,-
https://www.wunderground.com/history/daily/us/ny/new-york-city/KLGA/date/2019-05-30,2019-05-30,Year to Date,21.7,17.55,-
https://www.wunderground.com/history/daily/us/ny/new-york-city/KLGA/date/2019-05-31,2019-05-31,Precipitation; 1e-16,1e-16,0.14,2.23
https://www.wunderground.com/history/daily/us/ny/new-york-city/KLGA/date/2019-05-31,2019-05-31,Month to Date,6.37,3.79,-
https://www.wunderground.com/history/daily/us/ny/new-york-city/KLGA/date/2019-05-31,2019-05-31,Year to Date,21.7,17.69,-
https://www.wunderground.com/history/daily/us/ny/new-york-city/KLGA/date/2019-06-01,2019-06-01,Precipitation; 0,0,0.14,1.9
https://www.wunderground.com/history/daily/us/ny/new-york-city/KLGA/date/2019-06-01,2019-06-01,Month to Date,0,0.14,-
https://www.wunderground.com/history/daily/us/ny/new-york-city/KLGA/date/2019-06-01,2019-06-01,Year to Date,21.7,17.83,-
https://www.wunderground.com/history/daily/us/ny/new-york-city/KLGA/date/2019-06-02,2019-06-02,Precipitation; 0.39,0.39,0.14,2.85
https://www.wunderground.com/history/daily/us/ny/new-york-city/KLGA/date/2019-06-02,2019-06-02,Month to Date,0.39,0.28,-
https://www.wunderground.com/history/daily/us/ny/new-york-city/KLGA/date/2019-06-02,2019-06-02,Year to Date,22.09,17.97,-
https://www.wunderground.com/history/daily/us/ny/new-york-city/KLGA/date/2019-06-03,2019-06-03,Precipitation; 0,0,0.14,2.47
https://www.wunderground.com/history/daily/us/ny/new-york-city/KLGA/date/2019-06-03,2019-06-03,Month to Date,0.39,0.42,-
https://www.wunderground.com/history/daily/us/ny/new-york-city/KLGA/date/2019-06-03,2019-06-03,Year to Date,22.09,18.11,-
https://www.wunderground.com/history/daily/us/ny/new-york-city/KLGA/date/2019-06-04,2019-06-04,Precipitation; 0,0,0.14,2.69
https://www.wunderground.com/history/daily/us/ny/new-york-city/KLGA/date/2019-06-04,2019-06-04,Month to Date,0.39,0.56,-
https://www.wunderground.com/history/daily/us/ny/new-york-city/KLGA/date/2019-06-04,2019-06-04,Year to Date,22.09,18.25,-
https://www.wunderground.com/history/daily/us/ny/new-york-city/KLGA/date/2019-06-05,2019-06-05,Precipitation; 1e-16,1e-16,0.14,1.78
https://www.wunderground.com/history/daily/us/ny/new-york-city/KLGA/date/2019-06-05,2019-06-05,Month to Date,0.39,0.7,-
https://www.wunderground.com/history/daily/us/ny/new-york-city/KLGA/date/2019-06-05,2019-06-05,Year to Date,22.09,18.39,-
https://www.wunderground.com/history/daily/us/ny/new-york-city/KLGA/date/2019-06-06,2019-06-06,Precipitation; 0.05,0.05,0.14,2.56
https://www.wunderground.com/history/daily/us/ny/new-york-city/KLGA/date/2019-06-06,2019-06-06,Month to Date,0.44,0.84,-
https://www.wunderground.com/history/daily/us/ny/new-york-city/KLGA/date/2019-06-06,2019-06-06,Year to Date,22.14,18.53,-
https://www.wunderground.com/history/daily/us/ny/new-york-city/KLGA/date/2019-06-07,2019-06-07,Precipitation; 0,0,0.14,3.33
https://www.wunderground.com/history/daily/us/ny/new-york-city/KLGA/date/2019-06-07,2019-06-07,Month to Date,0.44,0.98,-
https://www.wunderground.com/history/daily/us/ny/new-york-city/KLGA/date/2019-06-07,2019-06-07,Year to Date,22.14,18.67,-
https://www.wunderground.com/history/daily/us/ny/new-york-city/KLGA/date/2019-06-08,2019-06-08,Precipitation; 0,0,0.15,0.94
https://www.wunderground.com/history/daily/us/ny/new-york-city/KLGA/date/2019-06-08,2019-06-08,Month to Date,0.44,1.13,-
https://www.wunderground.com/history/daily/us/ny/new-york-city/KLGA/date/2019-06-08,2019-06-08,Year to Date,22.14,18.82,-
https://www.wunderground.com/history/daily/us/ny/new-york-city/KLGA/date/2019-06-09,2019-06-09,Precipitation; 0,0,0.14,1.93
https://www.wunderground.com/history/daily/us/ny/new-york-city/KLGA/date/2019-06-09,2019-06-09,Month to Date,0.44,1.27,-
https://www.wunderground.com/history/daily/us/ny/new-york-city/KLGA/date/2019-06-09,2019-06-09,Year to Date,22.14,18.96,-
https://www.wunderground.com/history/daily/us/ny/new-york-city/KLGA/date/2019-06-10,2019-06-10,Precipitation; 0.78,0.78,0.14,1.25
https://www.wunderground.com/history/daily/us/ny/new-york-city/KLGA/date/2019-06-10,2019-06-10,Month to Date,1.22,1.41,-
https://www.wunderground.com/history/daily/us/ny/new-york-city/KLGA/date/2019-06-10,2019-06-10,Year to Date,22.92,19.1,-
https://www.wunderground.com/history/daily/us/ny/new-york-city/KLGA/date/2019-06-11,2019-06-11,Precipitation; 0.37,0.37,0.15,1.07
https://www.wunderground.com/history/daily/us/ny/new-york-city/KLGA/date/2019-06-11,2019-06-11,Month to Date,1.59,1.56,-
https://www.wunderground.com/history/daily/us/ny/new-york-city/KLGA/date/2019-06-11,2019-06-11,Year to Date,23.29,19.25,-
https://www.wunderground.com/history/daily/us/ny/new-york-city/KLGA/date/2019-06-12,2019-06-12,Precipitation; 0,0,0.14,2.2
https://www.wunderground.com/history/daily/us/ny/new-york-city/KLGA/date/2019-06-12,2019-06-12,Month to Date,1.59,1.7,-
https://www.wunderground.com/history/daily/us/ny/new-york-city/KLGA/date/2019-06-12,2019-06-12,Year to Date,23.29,19.39,-
https://www.wunderground.com/history/daily/us/ny/new-york-city/KLGA/date/2019-06-13,2019-06-13,Precipitation; 0.65,0.65,0.14,1.64
https://www.wunderground.com/history/daily/us/ny/new-york-city/KLGA/date/2019-06-13,2019-06-13,Month to Date,2.24,1.84,-
https://www.wunderground.com/history/daily/us/ny/new-york-city/KLGA/date/2019-06-13,2019-06-13,Year to Date,23.94,19.53,-
https://www.wunderground.com/history/daily/us/ny/new-york-city/KLGA/date/2019-06-14,2019-06-14,Precipitation; 0,0,0.13,1.72
https://www.wunderground.com/history/daily/us/ny/new-york-city/KLGA/date/2019-06-14,2019-06-14,Month to Date,2.24,1.97,-
https://www.wunderground.com/history/daily/us/ny/new-york-city/KLGA/date/2019-06-14,2019-06-14,Year to Date,23.94,19.66,-
https://www.wunderground.com/history/daily/us/ny/new-york-city/KLGA/date/2019-06-15,2019-06-15,Precipitation; 0,0,0.15,1.09
https://www.wunderground.com/history/daily/us/ny/new-york-city/KLGA/date/2019-06-15,2019-06-15,Month to Date,2.57,2.39,-
https://www.wunderground.com/history/daily/us/ny/new-york-city/KLGA/date/2019-06-15,2019-06-15,Year to Date,24.53,22.18,-
https://www.wunderground.com/history/daily/us/ny/new-york-city/KLGA/date/2019-06-16,2019-06-16,Precipitation; 0.12,0.12,0.13,1.1
https://www.wunderground.com/history/daily/us/ny/new-york-city/KLGA/date/2019-06-16,2019-06-16,Month to Date,2.29,2.23,-
https://www.wunderground.com/history/daily/us/ny/new-york-city/KLGA/date/2019-06-16,2019-06-16,Year to Date,25.06,19.57,-
https://www.wunderground.com/history/daily/us/ny/new-york-city/KLGA/date/2019-06-17,2019-06-17,Precipitation; 1e-16,1e-16,0.13,2.36
https://www.wunderground.com/history/daily/us/ny/new-york-city/KLGA/date/2019-06-17,2019-06-17,Month to Date,2.29,2.36,-
https://www.wunderground.com/history/daily/us/ny/new-york-city/KLGA/date/2019-06-17,2019-06-17,Year to Date,25.06,19.7,-
https://www.wunderground.com/history/daily/us/ny/new-york-city/KLGA/date/2019-06-18,2019-06-18,Precipitation; 1.38,1.38,0.12,2.25
https://www.wunderground.com/history/daily/us/ny/new-york-city/KLGA/date/2019-06-18,2019-06-18,Month to Date,3.67,2.48,-
https://www.wunderground.com/history/daily/us/ny/new-york-city/KLGA/date/2019-06-18,2019-06-18,Year to Date,26.44,19.82,-
https://www.wunderground.com/history/daily/us/ny/new-york-city/KLGA/date/2019-06-19,2019-06-19,Precipitation; 0.03,0.03,0.12,1.22
https://www.wunderground.com/history/daily/us/ny/new-york-city/KLGA/date/2019-06-19,2019-06-19,Month to Date,3.7,2.6,-
https://www.wunderground.com/history/daily/us/ny/new-york-city/KLGA/date/2019-06-19,2019-06-19,Year to Date,26.47,19.94,-
https://www.wunderground.com/history/daily/us/ny/new-york-city/KLGA/date/2019-06-20,2019-06-20,Precipitation; 0.75,0.75,0.11,0.87
https://www.wunderground.com/history/daily/us/ny/new-york-city/KLGA/date/2019-06-20,2019-06-20,Month to Date,4.45,2.71,-
https://www.wunderground.com/history/daily/us/ny/new-york-city/KLGA/date/2019-06-20,2019-06-20,Year to Date,27.22,20.05,-
https://www.wunderground.com/history/daily/us/ny/new-york-city/KLGA/date/2019-06-21,2019-06-21,Precipitation; 0.58,0.58,0.12,1.46
https://www.wunderground.com/history/daily/us/ny/new-york-city/KLGA/date/2019-06-21,2019-06-21,Month to Date,5.03,2.83,-
https://www.wunderground.com/history/daily/us/ny/new-york-city/KLGA/date/2019-06-21,2019-06-21,Year to Date,27.8,20.17,-
https://www.wunderground.com/history/daily/us/ny/new-york-city/KLGA/date/2019-06-22,2019-06-22,Precipitation; 0,0,0.12,1.25
https://www.wunderground.com/history/daily/us/ny/new-york-city/KLGA/date/2019-06-22,2019-06-22,Month to Date,5.03,2.95,-
https://www.wunderground.com/history/daily/us/ny/new-york-city/KLGA/date/2019-06-22,2019-06-22,Year to Date,27.8,20.29,-
https://www.wunderground.com/history/daily/us/ny/new-york-city/KLGA/date/2019-06-23,2019-06-23,Precipitation; 0,0,0.12,1.05
https://www.wunderground.com/history/daily/us/ny/new-york-city/KLGA/date/2019-06-23,2019-06-23,Month to Date,5.03,3.07,-
https://www.wunderground.com/history/daily/us/ny/new-york-city/KLGA/date/2019-06-23,2019-06-23,Year to Date,27.8,20.41,-
https://www.wunderground.com/history/daily/us/ny/new-york-city/KLGA/date/2019-06-24,2019-06-24,Precipitation; 0,0,0.11,2.03
https://www.wunderground.com/history/daily/us/ny/new-york-city/KLGA/date/2019-06-24,2019-06-24,Month to Date,5.03,3.18,-
https://www.wunderground.com/history/daily/us/ny/new-york-city/KLGA/date/2019-06-24,2019-06-24,Year to Date,27.8,20.52,-
https://www.wunderground.com/history/daily/us/ny/new-york-city/KLGA/date/2019-06-25,2019-06-25,Precipitation; 0.21,0.21,0.12,1.9
https://www.wunderground.com/history/daily/us/ny/new-york-city/KLGA/date/2019-06-25,2019-06-25,Month to Date,5.24,3.3,-
https://www.wunderground.com/history/daily/us/ny/new-york-city/KLGA/date/2019-06-25,2019-06-25,Year to Date,28.01,20.64,-
https://www.wunderground.com/history/daily/us/ny/new-york-city/KLGA/date/2019-06-26,2019-06-26,Precipitation; 0,0,0.11,0.95
https://www.wunderground.com/history/daily/us/ny/new-york-city/KLGA/date/2019-06-26,2019-06-26,Month to Date,5.24,3.41,-
https://www.wunderground.com/history/daily/us/ny/new-york-city/KLGA/date/2019-06-26,2019-06-26,Year to Date,28.01,20.75,-
https://www.wunderground.com/history/daily/us/ny/new-york-city/KLGA/date/2019-06-27,2019-06-27,Precipitation; 0,0,0.12,1.74
https://www.wunderground.com/history/daily/us/ny/new-york-city/KLGA/date/2019-06-27,2019-06-27,Month to Date,5.24,3.53,-
https://www.wunderground.com/history/daily/us/ny/new-york-city/KLGA/date/2019-06-27,2019-06-27,Year to Date,28.01,20.87,-
https://www.wunderground.com/history/daily/us/ny/new-york-city/KLGA/date/2019-06-28,2019-06-28,Precipitation; 0,0,0.11,0.94
https://www.wunderground.com/history/daily/us/ny/new-york-city/KLGA/date/2019-06-28,2019-06-28,Month to Date,5.24,3.64,-
https://www.wunderground.com/history/daily/us/ny/new-york-city/KLGA/date/2019-06-28,2019-06-28,Year to Date,28.01,20.98,-
https://www.wunderground.com/history/daily/us/ny/new-york-city/KLGA/date/2019-06-29,2019-06-29,Precipitation; 0.03,0.03,0.11,2.75
https://www.wunderground.com/history/daily/us/ny/new-york-city/KLGA/date/2019-06-29,2019-06-29,Month to Date,5.27,3.75,-
https://www.wunderground.com/history/daily/us/ny/new-york-city/KLGA/date/2019-06-29,2019-06-29,Year to Date,28.04,21.09,-
https://www.wunderground.com/history/daily/us/ny/new-york-city/KLGA/date/2019-07-01,2019-07-01,Precipitation; 0,0,0.12,1.04
https://www.wunderground.com/history/daily/us/ny/new-york-city/KLGA/date/2019-07-01,2019-07-01,Month to Date,0,0.12,-
https://www.wunderground.com/history/daily/us/ny/new-york-city/KLGA/date/2019-07-01,2019-07-01,Year to Date,28.1,21.32,-
https://www.wunderground.com/history/daily/us/ny/new-york-city/KLGA/date/2019-07-02,2019-07-02,Precipitation; 0.03,0.03,0.11,1.15
https://www.wunderground.com/history/daily/us/ny/new-york-city/KLGA/date/2019-07-02,2019-07-02,Month to Date,0.03,0.23,-
https://www.wunderground.com/history/daily/us/ny/new-york-city/KLGA/date/2019-07-02,2019-07-02,Year to Date,28.13,21.43,-
https://www.wunderground.com/history/daily/us/ny/new-york-city/KLGA/date/2019-07-03,2019-07-03,Precipitation; 0.06,0.06,0.12,1.73
https://www.wunderground.com/history/daily/us/ny/new-york-city/KLGA/date/2019-07-03,2019-07-03,Month to Date,0.09,0.35,-
https://www.wunderground.com/history/daily/us/ny/new-york-city/KLGA/date/2019-07-03,2019-07-03,Year to Date,28.19,21.55,-
https://www.wunderground.com/history/daily/us/ny/new-york-city/KLGA/date/2019-07-04,2019-07-04,Precipitation; 0,0,0.11,3.06
https://www.wunderground.com/history/daily/us/ny/new-york-city/KLGA/date/2019-07-04,2019-07-04,Month to Date,0.09,0.46,-
https://www.wunderground.com/history/daily/us/ny/new-york-city/KLGA/date/2019-07-04,2019-07-04,Year to Date,28.19,21.66,-
https://www.wunderground.com/history/daily/us/ny/new-york-city/KLGA/date/2019-07-05,2019-07-05,Precipitation; 0,0,0.12,2.18
https://www.wunderground.com/history/daily/us/ny/new-york-city/KLGA/date/2019-07-05,2019-07-05,Month to Date,0.09,0.58,-
https://www.wunderground.com/history/daily/us/ny/new-york-city/KLGA/date/2019-07-05,2019-07-05,Year to Date,28.19,21.78,-
https://www.wunderground.com/history/daily/us/ny/new-york-city/KLGA/date/2019-07-06,2019-07-06,Precipitation; 1e-16,1e-16,0.11,1.03
https://www.wunderground.com/history/daily/us/ny/new-york-city/KLGA/date/2019-07-06,2019-07-06,Month to Date,0.09,0.69,-
https://www.wunderground.com/history/daily/us/ny/new-york-city/KLGA/date/2019-07-06,2019-07-06,Year to Date,28.19,21.89,-
https://www.wunderground.com/history/daily/us/ny/new-york-city/KLGA/date/2019-07-07,2019-07-07,Precipitation; 0,0,0.12,1.92
https://www.wunderground.com/history/daily/us/ny/new-york-city/KLGA/date/2019-07-07,2019-07-07,Month to Date,0.09,0.81,-
https://www.wunderground.com/history/daily/us/ny/new-york-city/KLGA/date/2019-07-07,2019-07-07,Year to Date,28.19,22.01,-
https://www.wunderground.com/history/daily/us/ny/new-york-city/KLGA/date/2019-07-08,2019-07-08,Precipitation; 0,0,0,0
https://www.wunderground.com/history/daily/us/ny/new-york-city/KLGA/date/2019-07-08,2019-07-08,Month to Date,0,0,-
https://www.wunderground.com/history/daily/us/ny/new-york-city/KLGA/date/2019-07-08,2019-07-08,Year to Date,0,0,-
https://www.wunderground.com/history/daily/us/ny/new-york-city/KLGA/date/2019-07-09,2019-07-09,Precipitation; 0,0,0.14,1.38
https://www.wunderground.com/history/daily/us/ny/new-york-city/KLGA/date/2019-07-09,2019-07-09,Month to Date,0.03,1.15,-
https://www.wunderground.com/history/daily/us/ny/new-york-city/KLGA/date/2019-07-09,2019-07-09,Year to Date,26.62,22.78,-
https://www.wunderground.com/history/daily/us/ny/new-york-city/KLGA/date/2019-07-10,2019-07-10,Precipitation; 0,0,0.15,2.46
https://www.wunderground.com/history/daily/us/ny/new-york-city/KLGA/date/2019-07-10,2019-07-10,Month to Date,0.03,1.3,-
https://www.wunderground.com/history/daily/us/ny/new-york-city/KLGA/date/2019-07-10,2019-07-10,Year to Date,26.62,22.93,-
https://www.wunderground.com/history/daily/us/ny/new-york-city/KLGA/date/2019-07-11,2019-07-11,Precipitation; 0.72,0.72,0.14,1.68
https://www.wunderground.com/history/daily/us/ny/new-york-city/KLGA/date/2019-07-11,2019-07-11,Month to Date,0.75,1.44,-
https://www.wunderground.com/history/daily/us/ny/new-york-city/KLGA/date/2019-07-11,2019-07-11,Year to Date,27.34,23.07,-
https://www.wunderground.com/history/daily/us/ny/new-york-city/KLGA/date/2019-07-12,2019-07-12,Precipitation; 1e-16,1e-16,0.15,1.84
https://www.wunderground.com/history/daily/us/ny/new-york-city/KLGA/date/2019-07-12,2019-07-12,Month to Date,0.75,1.59,-
https://www.wunderground.com/history/daily/us/ny/new-york-city/KLGA/date/2019-07-12,2019-07-12,Year to Date,27.34,23.22,-
https://www.wunderground.com/history/daily/us/ny/new-york-city/KLGA/date/2019-07-13,2019-07-13,Precipitation; 0,0,0.16,2.01
https://www.wunderground.com/history/daily/us/ny/new-york-city/KLGA/date/2019-07-13,2019-07-13,Month to Date,0.75,1.75,-
https://www.wunderground.com/history/daily/us/ny/new-york-city/KLGA/date/2019-07-13,2019-07-13,Year to Date,27.34,23.38,-
https://www.wunderground.com/history/daily/us/ny/new-york-city/KLGA/date/2019-07-14,2019-07-14,Precipitation; 0,0,0.16,1.02
https://www.wunderground.com/history/daily/us/ny/new-york-city/KLGA/date/2019-07-14,2019-07-14,Month to Date,0.75,1.91,-
https://www.wunderground.com/history/daily/us/ny/new-york-city/KLGA/date/2019-07-14,2019-07-14,Year to Date,27.34,23.54,-
https://www.wunderground.com/history/daily/us/ny/new-york-city/KLGA/date/2019-07-15,2019-07-15,Precipitation; 0,0,0.16,3.53
https://www.wunderground.com/history/daily/us/ny/new-york-city/KLGA/date/2019-07-15,2019-07-15,Month to Date,0.75,2.07,-
https://www.wunderground.com/history/daily/us/ny/new-york-city/KLGA/date/2019-07-15,2019-07-15,Year to Date,27.34,23.7,-
https://www.wunderground.com/history/daily/us/ny/new-york-city/KLGA/date/2019-07-16,2019-07-16,Precipitation; 0,0,0.15,1.19
https://www.wunderground.com/history/daily/us/ny/new-york-city/KLGA/date/2019-07-16,2019-07-16,Month to Date,0.75,2.22,-
https://www.wunderground.com/history/daily/us/ny/new-york-city/KLGA/date/2019-07-16,2019-07-16,Year to Date,27.34,23.85,-
https://www.wunderground.com/history/daily/us/ny/new-york-city/KLGA/date/2019-07-17,2019-07-17,Precipitation; 2.67,2.67,0.15,2.74
https://www.wunderground.com/history/daily/us/ny/new-york-city/KLGA/date/2019-07-17,2019-07-17,Month to Date,3.42,2.37,-
https://www.wunderground.com/history/daily/us/ny/new-york-city/KLGA/date/2019-07-17,2019-07-17,Year to Date,30.01,24,-
https://www.wunderground.com/history/daily/us/ny/new-york-city/KLGA/date/2019-07-18,2019-07-18,Precipitation; 0.32,0.32,0.15,2.67
https://www.wunderground.com/history/daily/us/ny/new-york-city/KLGA/date/2019-07-18,2019-07-18,Month to Date,3.74,2.52,-
https://www.wunderground.com/history/daily/us/ny/new-york-city/KLGA/date/2019-07-18,2019-07-18,Year to Date,30.33,24.15,-
https://www.wunderground.com/history/daily/us/ny/new-york-city/KLGA/date/2019-07-19,2019-07-19,Precipitation; 0,0,0.15,1.02
https://www.wunderground.com/history/daily/us/ny/new-york-city/KLGA/date/2019-07-19,2019-07-19,Month to Date,3.74,2.67,-
https://www.wunderground.com/history/daily/us/ny/new-york-city/KLGA/date/2019-07-19,2019-07-19,Year to Date,30.33,24.3,-
https://www.wunderground.com/history/daily/us/ny/new-york-city/KLGA/date/2019-07-20,2019-07-20,Precipitation; 0,0,0.14,2.61
https://www.wunderground.com/history/daily/us/ny/new-york-city/KLGA/date/2019-07-20,2019-07-20,Month to Date,3.74,2.81,-
https://www.wunderground.com/history/daily/us/ny/new-york-city/KLGA/date/2019-07-20,2019-07-20,Year to Date,30.33,24.44,-
https://www.wunderground.com/history/daily/us/ny/new-york-city/KLGA/date/2019-07-21,2019-07-21,Precipitation; 0.01,0.01,0.15,2.06
https://www.wunderground.com/history/daily/us/ny/new-york-city/KLGA/date/2019-07-21,2019-07-21,Month to Date,3.75,2.96,-
https://www.wunderground.com/history/daily/us/ny/new-york-city/KLGA/date/2019-07-21,2019-07-21,Year to Date,30.34,24.59,-
https://www.wunderground.com/history/daily/us/ny/new-york-city/KLGA/date/2019-07-22,2019-07-22,Precipitation; 1.24,1.24,0.15,3.02
https://www.wunderground.com/history/daily/us/ny/new-york-city/KLGA/date/2019-07-22,2019-07-22,Month to Date,4.99,3.11,-
https://www.wunderground.com/history/daily/us/ny/new-york-city/KLGA/date/2019-07-22,2019-07-22,Year to Date,31.58,24.74,-
https://www.wunderground.com/history/daily/us/ny/new-york-city/KLGA/date/2019-07-23,2019-07-23,Precipitation; 0.52,0.52,0.14,3.51
https://www.wunderground.com/history/daily/us/ny/new-york-city/KLGA/date/2019-07-23,2019-07-23,Month to Date,5.51,3.25,-
https://www.wunderground.com/history/daily/us/ny/new-york-city/KLGA/date/2019-07-23,2019-07-23,Year to Date,32.1,24.88,-
https://www.wunderground.com/history/daily/us/ny/new-york-city/KLGA/date/2019-07-24,2019-07-24,Precipitation; 0.02,0.02,0,3.07
https://www.wunderground.com/history/daily/us/ny/new-york-city/KLGA/date/2019-07-24,2019-07-24,Month to Date,0,0,-
https://www.wunderground.com/history/daily/us/ny/new-york-city/KLGA/date/2019-07-24,2019-07-24,Year to Date,0,0,-
https://www.wunderground.com/history/daily/us/ny/new-york-city/KLGA/date/2019-07-25,2019-07-25,Precipitation; 0,0,0,1.6
https://www.wunderground.com/history/daily/us/ny/new-york-city/KLGA/date/2019-07-25,2019-07-25,Month to Date,0,0,-
https://www.wunderground.com/history/daily/us/ny/new-york-city/KLGA/date/2019-07-25,2019-07-25,Year to Date,0,0,-
https://www.wunderground.com/history/daily/us/ny/new-york-city/KLGA/date/2019-07-26,2019-07-26,Precipitation; 0,0,0,2.89
https://www.wunderground.com/history/daily/us/ny/new-york-city/KLGA/date/2019-07-26,2019-07-26,Month to Date,0,0,-
https://www.wunderground.com/history/daily/us/ny/new-york-city/KLGA/date/2019-07-26,2019-07-26,Year to Date,0,0,-
https://www.wunderground.com/history/daily/us/ny/new-york-city/KLGA/date/2019-07-27,2019-07-27,Precipitation; 0,0,0.15,2.77
https://www.wunderground.com/history/daily/us/ny/new-york-city/KLGA/date/2019-07-27,2019-07-27,Month to Date,5.53,3.85,-
https://www.wunderground.com/history/daily/us/ny/new-york-city/KLGA/date/2019-07-27,2019-07-27,Year to Date,32.12,25.48,-
https://www.wunderground.com/history/daily/us/ny/new-york-city/KLGA/date/2019-07-28,2019-07-28,Precipitation; 1e-16,1e-16,0.16,1.97
https://www.wunderground.com/history/daily/us/ny/new-york-city/KLGA/date/2019-07-28,2019-07-28,Month to Date,5.53,4.01,-
https://www.wunderground.com/history/daily/us/ny/new-york-city/KLGA/date/2019-07-28,2019-07-28,Year to Date,32.12,25.64,-
https://www.wunderground.com/history/daily/us/ny/new-york-city/KLGA/date/2019-07-29,2019-07-29,Precipitation; 0,0,0.17,3.45
https://www.wunderground.com/history/daily/us/ny/new-york-city/KLGA/date/2019-07-29,2019-07-29,Month to Date,5.53,4.18,-
https://www.wunderground.com/history/daily/us/ny/new-york-city/KLGA/date/2019-07-29,2019-07-29,Year to Date,32.12,25.81,-
https://www.wunderground.com/history/daily/us/ny/new-york-city/KLGA/date/2019-07-30,2019-07-30,Precipitation; 1e-16,1e-16,0.15,3.46
https://www.wunderground.com/history/daily/us/ny/new-york-city/KLGA/date/2019-07-30,2019-07-30,Month to Date,5.53,4.33,-
https://www.wunderground.com/history/daily/us/ny/new-york-city/KLGA/date/2019-07-30,2019-07-30,Year to Date,32.12,25.96,-
https://www.wunderground.com/history/daily/us/ny/new-york-city/KLGA/date/2019-07-31,2019-07-31,Precipitation; 0.58,0.58,0.17,1.23
https://www.wunderground.com/history/daily/us/ny/new-york-city/KLGA/date/2019-07-31,2019-07-31,Month to Date,6.11,4.5,-
https://www.wunderground.com/history/daily/us/ny/new-york-city/KLGA/date/2019-07-31,2019-07-31,Year to Date,32.7,26.13,-
https://www.wunderground.com/history/daily/us/ny/new-york-city/KLGA/date/2019-08-01,2019-08-01,Precipitation; 0,0,0.15,2.03
https://www.wunderground.com/history/daily/us/ny/new-york-city/KLGA/date/2019-08-01,2019-08-01,Month to Date,0,0.15,-
https://www.wunderground.com/history/daily/us/ny/new-york-city/KLGA/date/2019-08-01,2019-08-01,Year to Date,32.7,26.28,-